Panel Index,Insp Time,Panel Barcode,Board Id,Board Barcode,Comp.Name,Pin Number,Pad ID,Height,Area,Area(%),Volume,Volume(%),Offset X,Offset Y,Result
1,19-02-14 21:09:21,NNTMRT0T18ND,0,NNTMRT0T18ND,C129,1,0,5.4492,1919.5814,98.9958,9612.3445,99.1447,1.2527,0.123,Good
1,19-02-14 21:09:21,NNTMRT0T18ND,0,NNTMRT0T18ND,C129,2,1,5.9582,1968.2708,101.5068,10526.1322,108.5697,1.8669,0.4399,Good
1,19-02-14 21:09:21,NNTMRT0T18ND,0,NNTMRT0T18ND,C155,1,2,5.9248,2341.9623,101.9528,12916.7096,112.4608,2.2182,-0.1937,Good
1,19-02-14 21:09:21,NNTMRT0T18ND,0,NNTMRT0T18ND,C155,2,3,5.7951,2411.3449,104.9732,12601.3031,109.7147,1.1712,-0.2836,Good
1,19-02-14 21:09:21,NNTMRT0T18ND,0,NNTMRT0T18ND,C166,1,4,6.388,2498.9858,108.7885,14213.2066,112.499,0.4177,1.1103,Good
1,19-02-14 21:09:21,NNTMRT0T18ND,0,NNTMRT0T18ND,C166,2,5,6.0399,2405.2588,104.7083,12841.3393,101.6405,1.8568,0.8148,Good
1,19-02-14 21:09:21,NNTMRT0T18ND,0,NNTMRT0T18ND,C167,1,6,6.1039,2416.2139,105.1852,13108.4616,103.7548,0.0376,1.2482,Good
1,19-02-14 21:09:21,NNTMRT0T18ND,0,NNTMRT0T18ND,C167,2,7,5.8068,2395.5208,104.2844,12559.415,99.409,1.9547,0.8596,Good
1,19-02-14 21:09:21,NNTMRT0T18ND,0,NNTMRT0T18ND,C173,1,8,5.2372,1954.8813,103.2088,9442.0098,99.699,0.8166,-0.2818,Good
1,19-02-14 21:09:21,NNTMRT0T18ND,0,NNTMRT0T18ND,C173,2,9,5.3177,1928.1021,101.7949,9457.0636,99.8579,0.7361,0.1885,Good
1,19-02-14 21:09:21,NNTMRT0T18ND,0,NNTMRT0T18ND,C174,1,10,5.3032,483.5471,98.4117,2343.1205,95.3746,0.6848,0.2775,Good
1,19-02-14 21:09:21,NNTMRT0T18ND,0,NNTMRT0T18ND,C174,2,11,5.1222,485.0686,98.7214,2272.6203,92.505,0.5025,0.1712,Good
1,19-02-14 21:09:21,NNTMRT0T18ND,0,NNTMRT0T18ND,C175,1,12,5.5249,496.0237,100.951,2483.1417,101.074,1.08,-0.275,Good
1,19-02-14 21:09:21,NNTMRT0T18ND,0,NNTMRT0T18ND,C175,2,13,5.459,485.0686,98.7214,2419.9961,98.5038,0.6416,-0.2919,Good
1,19-02-14 21:09:21,NNTMRT0T18ND,0,NNTMRT0T18ND,C176,1,14,5.0653,498.4582,101.4465,2282.4883,92.9066,1.1038,0.0318,Good
1,19-02-14 21:09:21,NNTMRT0T18ND,0,NNTMRT0T18ND,C176,2,15,5.0108,486.2858,98.9691,2233.8353,90.9262,0.7546,-0.0345,Good
1,19-02-14 21:09:21,NNTMRT0T18ND,0,NNTMRT0T18ND,C177,1,16,5.4263,492.0677,100.1459,2402.776,97.8028,0.9899,0.2183,Good
1,19-02-14 21:09:21,NNTMRT0T18ND,0,NNTMRT0T18ND,C177,2,17,5.5386,472.2876,96.1202,2354.3484,95.8316,0.7439,0.4095,Good
1,19-02-14 21:09:21,NNTMRT0T18ND,0,NNTMRT0T18ND,C178,1,18,5.1976,1105.2505,97.1476,5180.9436,91.0773,1.0909,0.106,Good
1,19-02-14 21:09:21,NNTMRT0T18ND,0,NNTMRT0T18ND,C178,2,19,5.2991,1148.1581,100.919,5525.9341,97.142,1.0146,0.034,Good
1,19-02-14 21:09:21,NNTMRT0T18ND,0,NNTMRT0T18ND,C179,1,20,5.5418,1174.3286,103.2193,5943.9207,104.4899,0.8933,-0.1552,Good
1,19-02-14 21:09:21,NNTMRT0T18ND,0,NNTMRT0T18ND,C179,2,21,5.4471,1100.9901,96.7731,5548.685,97.5419,0.6828,0.3265,Good
1,19-02-14 21:09:21,NNTMRT0T18ND,0,NNTMRT0T18ND,C180,1,22,5.9774,2339.5279,101.8468,12819.4892,111.6143,0.7619,0.2662,Good
1,19-02-14 21:09:21,NNTMRT0T18ND,0,NNTMRT0T18ND,C180,2,23,5.8691,2460.0343,107.0928,12926.9213,112.5497,0.7156,-1.1368,Good
1,19-02-14 21:09:21,NNTMRT0T18ND,0,NNTMRT0T18ND,C181,1,24,6.0711,2340.7452,101.8998,12842.0586,111.8108,1.0609,0.098,Good
1,19-02-14 21:09:21,NNTMRT0T18ND,0,NNTMRT0T18ND,C181,2,25,5.5473,2455.1653,106.8809,12211.9066,106.3243,1.3267,-1.027,Good
1,19-02-14 21:09:21,NNTMRT0T18ND,0,NNTMRT0T18ND,C182,1,26,5.1487,1153.3313,101.3737,5418.9475,95.2612,1.1563,0.0373,Good
1,19-02-14 21:09:21,NNTMRT0T18ND,0,NNTMRT0T18ND,C182,2,27,5.2021,1153.3313,101.3737,5485.8361,96.4371,0.8243,0.0788,Good
1,19-02-14 21:09:21,NNTMRT0T18ND,0,NNTMRT0T18ND,C183,1,28,5.461,480.504,97.7924,2371.7774,96.5411,1.1231,0.3119,Good
1,19-02-14 21:09:21,NNTMRT0T18ND,0,NNTMRT0T18ND,C183,2,29,5.5572,483.8514,98.4737,2414.5418,98.2817,1.1793,0.3127,Good
1,19-02-14 21:09:21,NNTMRT0T18ND,0,NNTMRT0T18ND,C184,1,30,5.3504,480.504,97.7924,2325.7476,94.6675,0.7941,-0.0628,Good
1,19-02-14 21:09:21,NNTMRT0T18ND,0,NNTMRT0T18ND,C184,2,31,5.3012,476.8522,97.0492,2318.9802,94.392,0.8132,0.1669,Good
1,19-02-14 21:09:21,NNTMRT0T18ND,0,NNTMRT0T18ND,C185,1,32,5.3834,491.4591,100.022,2393.4766,97.4243,-0.2351,0.0472,Good
1,19-02-14 21:09:21,NNTMRT0T18ND,0,NNTMRT0T18ND,C185,2,33,5.5861,472.2876,96.1202,2382.7413,96.9873,-0.0056,0.1404,Good
1,19-02-14 21:09:21,NNTMRT0T18ND,0,NNTMRT0T18ND,C186,1,34,5.6806,481.4169,97.9782,2462.8174,100.2468,-0.2944,0.1492,Good
1,19-02-14 21:09:21,NNTMRT0T18ND,0,NNTMRT0T18ND,C186,2,35,5.6242,482.6341,98.2259,2448.1827,99.6511,0.1449,0.372,Good
1,19-02-14 21:09:21,NNTMRT0T18ND,0,NNTMRT0T18ND,C187,1,36,5.9922,1167.9381,102.6576,6352.8145,111.678,-0.0434,-1.0974,Good
1,19-02-14 21:09:21,NNTMRT0T18ND,0,NNTMRT0T18ND,C187,2,37,5.6461,1151.2011,101.1865,6029.8346,106.0002,0.3559,-0.2062,Good
1,19-02-14 21:09:21,NNTMRT0T18ND,0,NNTMRT0T18ND,C188,1,38,5.4024,1135.0728,99.7689,5617.4577,98.7509,0.3699,-0.2228,Good
1,19-02-14 21:09:21,NNTMRT0T18ND,0,NNTMRT0T18ND,C188,2,39,5.4299,1180.1105,103.7275,5878.9654,103.348,0.6217,-0.1471,Good
1,19-02-14 21:09:21,NNTMRT0T18ND,0,NNTMRT0T18ND,C189,1,40,6.6774,580.6217,118.1684,3408.07,115.602,1.3131,-0.7446,Good
1,19-02-14 21:09:21,NNTMRT0T18ND,0,NNTMRT0T18ND,C189,2,41,6.702,508.8047,103.5522,3082.0239,125.451,1.1064,-1.0596,Good
1,19-02-14 21:09:21,NNTMRT0T18ND,0,NNTMRT0T18ND,C190,1,42,5.871,470.4618,95.7486,2481.1957,100.9948,0.2167,0.3683,Good
1,19-02-14 21:09:21,NNTMRT0T18ND,0,NNTMRT0T18ND,C190,2,43,5.8984,482.0255,98.1021,2565.502,104.4264,-0.017,0.329,Good
1,19-02-14 21:09:21,NNTMRT0T18ND,0,NNTMRT0T18ND,C191,1,44,5.3806,475.0264,96.6776,2291.1587,93.2596,-0.1042,0.4446,Good
1,19-02-14 21:09:21,NNTMRT0T18ND,0,NNTMRT0T18ND,C191,2,45,5.2409,470.1575,95.6867,2217.0378,90.2425,0.045,0.711,Good
1,19-02-14 21:09:21,NNTMRT0T18ND,0,NNTMRT0T18ND,C192,1,46,6.0903,1157.5916,101.7482,6388.4009,112.3035,-0.0628,-0.1762,Good
1,19-02-14 21:09:21,NNTMRT0T18ND,0,NNTMRT0T18ND,C192,2,47,5.674,1202.9336,105.7336,6219.011,109.3258,-0.1934,-0.3134,Good
1,19-02-14 21:09:21,NNTMRT0T18ND,0,NNTMRT0T18ND,C193,1,48,5.5735,1125.9434,98.9664,5732.3345,100.7704,0.0894,0.1475,Good
1,19-02-14 21:09:21,NNTMRT0T18ND,0,NNTMRT0T18ND,C193,2,49,5.545,1156.3743,101.6412,5861.1899,103.0356,0.7229,-0.0232,Good
1,19-02-14 21:09:21,NNTMRT0T18ND,0,NNTMRT0T18ND,C194,1,50,5.3508,487.8074,99.2788,2353.2949,95.7887,-0.1572,0.2517,Good
1,19-02-14 21:09:21,NNTMRT0T18ND,0,NNTMRT0T18ND,C194,2,51,5.3554,480.504,97.7924,2323.9053,94.5925,-0.2963,0.4556,Good
1,19-02-14 21:09:21,NNTMRT0T18ND,0,NNTMRT0T18ND,C195,1,52,5.397,471.0704,95.8725,2307.1083,93.9088,-0.3615,0.3295,Good
1,19-02-14 21:09:21,NNTMRT0T18ND,0,NNTMRT0T18ND,C195,2,53,5.2065,484.1557,98.5356,2281.885,92.8821,-0.4587,0.1233,Good
1,19-02-14 21:09:21,NNTMRT0T18ND,0,NNTMRT0T18ND,C196,1,54,5.1719,478.0695,97.2969,2241.7117,91.2468,-0.1351,0.3123,Good
1,19-02-14 21:09:21,NNTMRT0T18ND,0,NNTMRT0T18ND,C196,2,55,5.2772,476.548,96.9873,2278.557,92.7466,-0.2964,0.2026,Good
1,19-02-14 21:09:21,NNTMRT0T18ND,0,NNTMRT0T18ND,C197,1,56,5.4915,479.5911,97.6066,2366.1664,96.3127,-0.3104,0.4045,Good
1,19-02-14 21:09:21,NNTMRT0T18ND,0,NNTMRT0T18ND,C197,2,57,5.4416,467.723,95.1912,2312.1925,94.1157,-0.2247,0.3126,Good
1,19-02-14 21:09:21,NNTMRT0T18ND,0,NNTMRT0T18ND,C198,1,58,5.931,1153.6356,101.4005,6212.8576,109.2176,0.3195,-0.5703,Good
1,19-02-14 21:09:21,NNTMRT0T18ND,0,NNTMRT0T18ND,C198,2,59,5.747,1179.8062,103.7008,6172.244,108.5037,0.2261,-0.0449,Good
1,19-02-14 21:09:21,NNTMRT0T18ND,0,NNTMRT0T18ND,C199,1,60,5.4573,481.7212,98.0401,2374.1746,96.6386,-0.4814,0.3346,Good
1,19-02-14 21:09:21,NNTMRT0T18ND,0,NNTMRT0T18ND,C199,2,61,5.303,477.7652,97.235,2285.7641,93.04,-0.4558,0.3364,Good
1,19-02-14 21:09:21,NNTMRT0T18ND,0,NNTMRT0T18ND,C200,1,62,5.3608,477.4609,97.1731,2319.5633,94.4157,-0.1307,0.437,Good
1,19-02-14 21:09:21,NNTMRT0T18ND,0,NNTMRT0T18ND,C200,2,63,5.3528,484.7643,98.6595,2342.6579,95.3558,-0.3422,0.1852,Good
1,19-02-14 21:09:21,NNTMRT0T18ND,0,NNTMRT0T18ND,C201,1,64,5.6296,1170.3726,102.8716,5969.1549,104.9335,-0.8101,0.1257,Good
1,19-02-14 21:09:21,NNTMRT0T18ND,0,NNTMRT0T18ND,C201,2,65,5.4075,1167.3295,102.6041,5752.6411,101.1273,0.2579,0.0753,Good
1,19-02-14 21:09:21,NNTMRT0T18ND,0,NNTMRT0T18ND,C202,1,66,5.2111,474.7221,96.6157,2250.062,91.5867,-0.1419,0.1689,Good
1,19-02-14 21:09:21,NNTMRT0T18ND,0,NNTMRT0T18ND,C202,2,67,5.0133,478.6781,97.4208,2172.663,88.4363,-0.0585,0.1623,Good
1,19-02-14 21:09:21,NNTMRT0T18ND,0,NNTMRT0T18ND,C203,1,68,5.1221,2327.3555,101.3169,10899.0881,94.8941,-0.046,0.1297,Good
1,19-02-14 21:09:21,NNTMRT0T18ND,0,NNTMRT0T18ND,C203,2,69,5.6258,2343.1796,102.0058,11847.6929,103.1533,-0.3293,0.4153,Good
1,19-02-14 21:09:21,NNTMRT0T18ND,0,NNTMRT0T18ND,C204,1,70,5.0316,476.2436,96.9253,2173.651,88.4765,-0.671,0.2122,Good
1,19-02-14 21:09:21,NNTMRT0T18ND,0,NNTMRT0T18ND,C204,2,71,5.2139,485.3729,98.7833,2303.3632,93.7563,-0.4091,0.162,Good
1,19-02-14 21:09:21,NNTMRT0T18ND,0,NNTMRT0T18ND,C205,1,72,5.7795,7952.204,103.7082,42655.8813,111.2588,1.0944,-0.7731,Good
1,19-02-14 21:09:21,NNTMRT0T18ND,0,NNTMRT0T18ND,C205,2,73,4.2532,7729.4498,100.8031,30102.0496,78.5148,0.2036,-0.2083,Good
1,19-02-14 21:09:21,NNTMRT0T18ND,0,NNTMRT0T18ND,C206,1,74,5.4848,7909.6008,103.1526,40678.7184,106.1018,0.949,-0.5829,Good
1,19-02-14 21:09:21,NNTMRT0T18ND,0,NNTMRT0T18ND,C206,2,75,5.3795,7863.3458,102.5493,39699.6448,103.5481,0.1251,-0.7219,Good
1,19-02-14 21:09:21,NNTMRT0T18ND,0,NNTMRT0T18ND,C207,1,76,4.2472,2305.4453,100.3631,9147.8177,79.6465,0.2892,0.5742,Good
1,19-02-14 21:09:21,NNTMRT0T18ND,0,NNTMRT0T18ND,C207,2,77,4.19,2260.4075,98.4025,8817.06,76.7667,-0.5528,0.445,Good
1,19-02-14 21:09:21,NNTMRT0T18ND,0,NNTMRT0T18ND,C208,1,78,5.5762,2351.7003,102.3767,12105.772,105.4003,0.062,-0.3207,Good
1,19-02-14 21:09:21,NNTMRT0T18ND,0,NNTMRT0T18ND,C208,2,79,5.6312,2328.5728,101.3699,12125.2315,105.5697,0.5438,-0.5014,Good
1,19-02-14 21:09:21,NNTMRT0T18ND,0,NNTMRT0T18ND,C209,1,80,5.4804,2334.6589,101.6348,11801.0009,102.7467,0.7378,-0.7132,Good
1,19-02-14 21:09:21,NNTMRT0T18ND,0,NNTMRT0T18ND,C209,2,81,5.606,2382.1312,103.7015,12254.2156,106.6927,0.5569,-0.5518,Good
1,19-02-14 21:09:21,NNTMRT0T18ND,0,NNTMRT0T18ND,C210,1,82,5.8193,1207.194,106.1081,6342.8474,111.5027,-1.1348,-0.1797,Good
1,19-02-14 21:09:21,NNTMRT0T18ND,0,NNTMRT0T18ND,C210,2,83,4.6431,1145.1149,100.6515,4864.4245,85.5131,0.7909,-0.054,Good
1,19-02-14 21:09:21,NNTMRT0T18ND,0,NNTMRT0T18ND,C211,1,84,5.5513,1152.114,101.2667,5839.6189,102.6563,0.606,-0.2136,Good
1,19-02-14 21:09:21,NNTMRT0T18ND,0,NNTMRT0T18ND,C211,2,85,5.7507,1120.4659,98.485,5903.3084,103.776,0.1633,-0.325,Good
1,19-02-14 21:09:21,NNTMRT0T18ND,0,NNTMRT0T18ND,C212,1,86,7.4052,525.846,107.0204,3477.2237,128.6702,0.9228,-0.5956,Good
1,19-02-14 21:09:21,NNTMRT0T18ND,0,NNTMRT0T18ND,C212,2,87,6.8198,512.7607,104.3573,3160.0385,116.9332,0.3699,-0.7889,Good
1,19-02-14 21:09:21,NNTMRT0T18ND,0,NNTMRT0T18ND,C213,1,88,5.604,3975.4933,101.8598,20734.1189,106.2496,0.3437,-0.5058,Good
1,19-02-14 21:09:21,NNTMRT0T18ND,0,NNTMRT0T18ND,C213,2,89,5.7084,3903.6765,100.0197,20692.2336,106.035,0.178,-0.0777,Good
1,19-02-14 21:09:21,NNTMRT0T18ND,0,NNTMRT0T18ND,C214,1,90,6.0438,7981.4176,104.0892,44681.8532,116.5431,0.8432,-1.3358,Good
1,19-02-14 21:09:21,NNTMRT0T18ND,0,NNTMRT0T18ND,C214,2,91,5.9808,7836.5667,102.2001,43469.2069,113.3802,0.5161,-0.4884,Good
1,19-02-14 21:09:21,NNTMRT0T18ND,0,NNTMRT0T18ND,C215,1,92,5.9966,7913.2527,103.2002,43899.0519,114.5014,0.8312,-0.3879,Good
1,19-02-14 21:09:21,NNTMRT0T18ND,0,NNTMRT0T18ND,C215,2,93,6.1388,8082.448,105.4068,45400.3943,118.4173,0.6185,-1.6594,Good
1,19-02-14 21:09:21,NNTMRT0T18ND,0,NNTMRT0T18ND,C216,1,94,6.0879,7892.5594,102.9303,44639.195,116.4319,0.6191,-1.0393,Good
1,19-02-14 21:09:21,NNTMRT0T18ND,0,NNTMRT0T18ND,C216,2,95,6.1424,7901.0797,103.0415,44598.028,116.3245,0.2591,-0.272,Good
1,19-02-14 21:09:21,NNTMRT0T18ND,0,NNTMRT0T18ND,C217,1,96,5.5803,7829.2629,102.1049,40547.2118,105.7588,0.7164,-0.3924,Good
1,19-02-14 21:09:21,NNTMRT0T18ND,0,NNTMRT0T18ND,C217,2,97,6.0261,7955.8558,103.7558,44192.3928,115.2665,0.6269,-1.431,Good
1,19-02-14 21:09:21,NNTMRT0T18ND,0,NNTMRT0T18ND,C218,1,98,5.4254,517.6297,105.3482,2528.9871,102.9401,0.2386,-0.1614,Good
1,19-02-14 21:09:21,NNTMRT0T18ND,0,NNTMRT0T18ND,C218,2,99,5.7493,485.0686,98.7214,2540.2969,103.4005,-0.0914,0.21,Good
1,19-02-14 21:09:21,NNTMRT0T18ND,0,NNTMRT0T18ND,C219,1,100,7.5139,573.3182,116.682,3781.6877,139.9365,0.5428,-0.6969,Good
1,19-02-14 21:09:21,NNTMRT0T18ND,0,NNTMRT0T18ND,C219,2,101,7.1798,504.5444,102.6851,3239.5285,119.8746,0.0983,-1.0519,Good
1,19-02-14 21:09:21,NNTMRT0T18ND,0,NNTMRT0T18ND,C220,1,102,7.3214,557.4942,113.4615,3613.2759,133.7047,0.7608,-0.8128,Good
1,19-02-14 21:09:21,NNTMRT0T18ND,0,NNTMRT0T18ND,C220,2,103,7.0059,519.7599,105.7818,3274.9039,121.1836,0.4601,-0.7046,Good
1,19-02-14 21:09:21,NNTMRT0T18ND,0,NNTMRT0T18ND,C221,1,104,5.3918,471.3747,95.9344,2306.8636,93.8988,0.2401,-0.0352,Good
1,19-02-14 21:09:21,NNTMRT0T18ND,0,NNTMRT0T18ND,C221,2,105,5.4844,470.7661,95.8105,2350.5872,95.6785,0.2721,-0.0577,Good
1,19-02-14 21:09:21,NNTMRT0T18ND,0,NNTMRT0T18ND,C222,1,106,5.2826,481.4169,97.9782,2313.6186,94.1738,0.8209,-0.0218,Good
1,19-02-14 21:09:21,NNTMRT0T18ND,0,NNTMRT0T18ND,C222,2,107,5.1695,487.8074,99.2788,2297.8902,93.5335,0.7851,-0.0011,Good
1,19-02-14 21:09:21,NNTMRT0T18ND,0,NNTMRT0T18ND,C223,1,108,5.44,494.1979,100.5794,2440.4237,99.3352,0.5701,0.052,Good
1,19-02-14 21:09:21,NNTMRT0T18ND,0,NNTMRT0T18ND,C223,2,109,5.2842,491.1548,99.9601,2368.9051,96.4241,0.4786,0.0644,Good
1,19-02-14 21:09:21,NNTMRT0T18ND,0,NNTMRT0T18ND,C224,1,110,5.4994,480.1997,97.7305,2402.6342,97.7971,0.1297,0.108,Good
1,19-02-14 21:09:21,NNTMRT0T18ND,0,NNTMRT0T18ND,C224,2,111,5.5271,486.2858,98.9691,2432.1415,98.9981,0.1143,0.0428,Good
1,19-02-14 21:09:21,NNTMRT0T18ND,0,NNTMRT0T18ND,C225,1,112,5.1881,478.9824,97.4827,2281.9554,92.8849,0.3041,0.1351,Good
1,19-02-14 21:09:21,NNTMRT0T18ND,0,NNTMRT0T18ND,C225,2,113,5.1529,492.372,100.2078,2289.0063,93.1719,0.3554,-0.1318,Good
1,19-02-14 21:09:21,NNTMRT0T18ND,0,NNTMRT0T18ND,C226,1,114,5.27,474.7221,96.6157,2297.0541,93.4995,0.2566,0.1443,Good
1,19-02-14 21:09:21,NNTMRT0T18ND,0,NNTMRT0T18ND,C226,2,115,5.3353,480.8083,97.8543,2337.0419,95.1272,0.1321,0.0662,Good
1,19-02-14 21:09:21,NNTMRT0T18ND,0,NNTMRT0T18ND,C227,1,116,5.4291,473.8092,96.4299,2335.7131,95.0731,0.2866,-0.1486,Good
1,19-02-14 21:09:21,NNTMRT0T18ND,0,NNTMRT0T18ND,C227,2,117,5.2676,489.9376,99.7123,2319.0359,94.3943,0.1465,-0.0722,Good
1,19-02-14 21:09:21,NNTMRT0T18ND,0,NNTMRT0T18ND,C228,1,118,7.5703,576.057,117.2394,3796.0445,140.4678,0.2483,-1.0898,Good
1,19-02-14 21:09:21,NNTMRT0T18ND,0,NNTMRT0T18ND,C228,2,119,7.1902,519.7599,105.7818,3314.1856,122.6372,0.4273,-0.8718,Good
1,19-02-14 21:09:21,NNTMRT0T18ND,0,NNTMRT0T18ND,C229,1,120,6.1724,490.5462,99.8362,2775.9981,112.9945,-0.4134,0.3221,Good
1,19-02-14 21:09:21,NNTMRT0T18ND,0,NNTMRT0T18ND,C229,2,121,6.184,488.1117,99.3407,2716.5224,110.5736,-0.0503,0.1255,Good
1,19-02-14 21:09:21,NNTMRT0T18ND,0,NNTMRT0T18ND,C230,1,122,4.8909,472.2876,96.1202,2120.378,78.4619,0.9513,-0.4767,Good
1,19-02-14 21:09:21,NNTMRT0T18ND,0,NNTMRT0T18ND,C230,2,123,4.8735,464.3756,94.5099,2086.9012,77.2231,0.8097,-0.4307,Good
1,19-02-14 21:09:21,NNTMRT0T18ND,0,NNTMRT0T18ND,C231,1,124,5.9485,497.5453,101.2607,2647.4594,107.7624,-0.1823,0.4184,Good
1,19-02-14 21:09:21,NNTMRT0T18ND,0,NNTMRT0T18ND,C231,2,125,5.8408,490.8505,99.8981,2596.0694,105.6707,-0.1288,0.2905,Good
1,19-02-14 21:09:21,NNTMRT0T18ND,0,NNTMRT0T18ND,C232,1,126,5.6681,489.6333,99.6504,2537.6184,93.9013,0.8238,-0.6583,Good
1,19-02-14 21:09:21,NNTMRT0T18ND,0,NNTMRT0T18ND,C232,2,127,5.4449,481.4169,97.9782,2411.4928,89.2342,0.746,-0.6208,Good
1,19-02-14 21:09:21,NNTMRT0T18ND,0,NNTMRT0T18ND,C233,1,128,5.847,1219.0621,107.1512,6458.5726,113.5371,0.478,0.6598,Good
1,19-02-14 21:09:21,NNTMRT0T18ND,0,NNTMRT0T18ND,C233,2,129,5.9339,1144.5064,100.598,6231.4628,109.5447,-0.076,-0.0713,Good
1,19-02-14 21:09:21,NNTMRT0T18ND,0,NNTMRT0T18ND,C234,1,130,5.8747,1988.964,105.0082,10714.6115,113.1365,0.2957,-0.14,Good
1,19-02-14 21:09:21,NNTMRT0T18ND,0,NNTMRT0T18ND,C234,2,131,6.2504,2092.429,110.4707,11676.8944,123.2973,-0.0789,-1.7632,Good
1,19-02-14 21:09:21,NNTMRT0T18ND,0,NNTMRT0T18ND,C235,1,132,6.0253,1980.4433,104.5583,10915.4441,115.2571,0.5082,0.0276,Good
1,19-02-14 21:09:21,NNTMRT0T18ND,0,NNTMRT0T18ND,C235,2,133,6.0913,2109.4704,111.3704,11465.7074,121.0674,0.5967,-1.5015,Good
1,19-02-14 21:09:21,NNTMRT0T18ND,0,NNTMRT0T18ND,C236,1,134,5.0604,472.8963,96.2441,2201.1867,81.4521,0.8497,-0.5352,Good
1,19-02-14 21:09:21,NNTMRT0T18ND,0,NNTMRT0T18ND,C236,2,135,5.2496,455.8549,92.7758,2188.56,80.9849,0.4421,-0.5083,Good
1,19-02-14 21:09:21,NNTMRT0T18ND,0,NNTMRT0T18ND,C237,1,136,5.5065,486.2858,98.9691,2430.1078,98.9154,0.2178,0.171,Good
1,19-02-14 21:09:21,NNTMRT0T18ND,0,NNTMRT0T18ND,C237,2,137,5.4907,472.2876,96.1202,2349.4039,95.6304,-0.0108,0.1137,Good
1,19-02-14 21:09:21,NNTMRT0T18ND,0,NNTMRT0T18ND,C238,1,138,7.1198,528.2805,107.5159,3354.9788,124.1467,0.6519,-0.8807,Good
1,19-02-14 21:09:21,NNTMRT0T18ND,0,NNTMRT0T18ND,C238,2,139,6.5349,499.6754,101.6942,2946.0882,109.0162,0.8045,-0.4902,Good
1,19-02-14 21:09:21,NNTMRT0T18ND,0,NNTMRT0T18ND,C239,1,140,4.9433,463.767,94.3861,2122.0352,86.3755,0.5035,-0.7533,Good
1,19-02-14 21:09:21,NNTMRT0T18ND,0,NNTMRT0T18ND,C239,2,141,4.9817,500.8927,101.9419,2265.3396,92.2086,0.601,-1.3563,Good
1,19-02-14 21:09:21,NNTMRT0T18ND,0,NNTMRT0T18ND,C240,1,142,5.3525,489.9376,99.7123,2397.7586,97.5986,0.3348,0.0675,Good
1,19-02-14 21:09:21,NNTMRT0T18ND,0,NNTMRT0T18ND,C240,2,143,5.2557,473.2005,96.306,2278.3215,92.737,0.2696,0.1293,Good
1,19-02-14 21:09:21,NNTMRT0T18ND,0,NNTMRT0T18ND,C241,1,144,6.2391,1995.0501,105.3295,11278.8357,119.0942,0.1566,0.0692,Good
1,19-02-14 21:09:21,NNTMRT0T18ND,0,NNTMRT0T18ND,C241,2,145,6.2251,2023.0466,106.8076,11349.1011,119.8361,1.3549,-0.3299,Good
1,19-02-14 21:09:21,NNTMRT0T18ND,0,NNTMRT0T18ND,C242,1,146,5.5158,1133.5511,99.6351,5729.9398,100.7283,0.8431,-0.8277,Good
1,19-02-14 21:09:21,NNTMRT0T18ND,0,NNTMRT0T18ND,C242,2,147,5.1292,1189.544,104.5567,5552.4673,97.6084,1.5036,-0.9766,Good
1,19-02-14 21:09:21,NNTMRT0T18ND,0,NNTMRT0T18ND,C243,1,148,5.6883,492.372,100.2078,2541.3312,103.4426,1.0394,-0.3262,Good
1,19-02-14 21:09:21,NNTMRT0T18ND,0,NNTMRT0T18ND,C243,2,149,5.8608,497.5453,101.2607,2621.4025,106.7018,1.0265,-0.4005,Good
1,19-02-14 21:09:21,NNTMRT0T18ND,0,NNTMRT0T18ND,C244,1,150,5.5325,468.9402,95.4389,2380.3209,96.8888,0.863,-0.0371,Good
1,19-02-14 21:09:21,NNTMRT0T18ND,0,NNTMRT0T18ND,C244,2,151,5.4475,483.8514,98.4737,2401.4587,97.7492,1.043,0.2777,Good
1,19-02-14 21:09:21,NNTMRT0T18ND,0,NNTMRT0T18ND,C245,1,152,5.7875,1242.7981,109.2375,6389.7358,112.327,0.9085,-0.9121,Good
1,19-02-14 21:09:21,NNTMRT0T18ND,0,NNTMRT0T18ND,C245,2,153,6.0716,1250.7102,109.933,6777.8815,119.1503,0.8084,0.774,Good
1,19-02-14 21:09:21,NNTMRT0T18ND,0,NNTMRT0T18ND,C246,1,154,5.9451,1269.273,111.5646,6683.2867,117.4874,1.3491,-0.9332,Good
1,19-02-14 21:09:21,NNTMRT0T18ND,0,NNTMRT0T18ND,C246,2,155,6.1617,1269.273,111.5646,6977.5924,122.6611,1.3883,0.9016,Good
1,19-02-14 21:09:21,NNTMRT0T18ND,0,NNTMRT0T18ND,C247,1,156,5.7675,466.5058,94.9435,2455.4821,99.9482,0.5005,0.0147,Good
1,19-02-14 21:09:21,NNTMRT0T18ND,0,NNTMRT0T18ND,C247,2,157,5.5371,474.7221,96.6157,2394.1593,97.4521,0.5647,0.1633,Good
1,19-02-14 21:09:21,NNTMRT0T18ND,0,NNTMRT0T18ND,C248,1,158,4.9537,500.8927,101.9419,2256.3511,91.8427,1.2394,-0.84,Good
1,19-02-14 21:09:21,NNTMRT0T18ND,0,NNTMRT0T18ND,C248,2,159,5.3679,490.5462,99.8362,2404.7893,97.8848,1.545,-0.7878,Good
1,19-02-14 21:09:21,NNTMRT0T18ND,0,NNTMRT0T18ND,C249,1,160,5.812,1276.2721,112.1798,6641.2705,116.7488,0.8372,0.6141,Good
1,19-02-14 21:09:21,NNTMRT0T18ND,0,NNTMRT0T18ND,C249,2,161,6.5591,1126.8564,99.0467,6758.7966,118.8148,0.1481,0.3614,Good
1,19-02-14 21:09:21,NNTMRT0T18ND,0,NNTMRT0T18ND,C250,1,162,5.442,475.9393,96.8634,2358.3621,95.995,0.7068,0.0188,Good
1,19-02-14 21:09:21,NNTMRT0T18ND,0,NNTMRT0T18ND,C250,2,163,5.6384,481.1126,97.9163,2485.2236,101.1588,0.8133,0.0238,Good
1,19-02-14 21:09:21,NNTMRT0T18ND,0,NNTMRT0T18ND,C251,1,164,5.7426,505.7616,102.9329,2641.9571,107.5385,0.8512,-0.2996,Good
1,19-02-14 21:09:21,NNTMRT0T18ND,0,NNTMRT0T18ND,C251,2,165,5.6031,485.0686,98.7214,2468.786,100.4897,0.9572,-0.2916,Good
1,19-02-14 21:09:21,NNTMRT0T18ND,0,NNTMRT0T18ND,C252,1,166,5.3497,476.548,96.9873,2325.5182,94.6581,1.0054,-0.1125,Good
1,19-02-14 21:09:21,NNTMRT0T18ND,0,NNTMRT0T18ND,C252,2,167,5.0892,485.9816,98.9072,2242.8549,91.2934,0.8824,-0.2596,Good
1,19-02-14 21:09:21,NNTMRT0T18ND,0,NNTMRT0T18ND,C253,1,168,5.4863,496.9367,101.1368,2473.609,100.686,1.5218,-0.4806,Good
1,19-02-14 21:09:21,NNTMRT0T18ND,0,NNTMRT0T18ND,C253,2,169,5.55,486.2858,98.9691,2431.415,98.9686,1.7345,-0.3419,Good
1,19-02-14 21:09:21,NNTMRT0T18ND,0,NNTMRT0T18ND,C254,1,170,5.4434,503.6315,102.4993,2495.0009,101.5568,1.3329,-0.4028,Good
1,19-02-14 21:09:21,NNTMRT0T18ND,0,NNTMRT0T18ND,C254,2,171,5.5115,505.7616,102.9329,2520.9116,102.6114,0.8594,-0.7757,Good
1,19-02-14 21:09:21,NNTMRT0T18ND,0,NNTMRT0T18ND,C255,1,172,5.2982,506.9789,103.1806,2428.1255,98.8347,0.8621,-0.6979,Good
1,19-02-14 21:09:21,NNTMRT0T18ND,0,NNTMRT0T18ND,C255,2,173,5.5596,497.8496,101.3226,2514.3127,102.3428,1.3116,-0.7279,Good
1,19-02-14 21:09:21,NNTMRT0T18ND,0,NNTMRT0T18ND,C256,1,174,5.4433,492.372,100.2078,2448.0929,99.6474,1.0857,-0.2934,Good
1,19-02-14 21:09:21,NNTMRT0T18ND,0,NNTMRT0T18ND,C256,2,175,5.5677,493.5893,100.4555,2498.382,101.6944,1.4322,-0.5311,Good
1,19-02-14 21:09:21,NNTMRT0T18ND,0,NNTMRT0T18ND,C257,1,176,5.4833,461.0282,93.8287,2315.8134,94.2631,0.3971,0.035,Good
1,19-02-14 21:09:21,NNTMRT0T18ND,0,NNTMRT0T18ND,C257,2,177,5.3551,472.8963,96.2441,2304.9566,93.8212,0.6303,0.0897,Good
1,19-02-14 21:09:21,NNTMRT0T18ND,0,NNTMRT0T18ND,C258,1,178,5.4558,499.3711,101.6323,2449.351,99.6986,1.2178,-0.1822,Good
1,19-02-14 21:09:21,NNTMRT0T18ND,0,NNTMRT0T18ND,C258,2,179,5.3363,484.7643,98.6595,2373.2612,96.6015,1.2692,-0.1744,Good
1,19-02-14 21:09:21,NNTMRT0T18ND,0,NNTMRT0T18ND,C259,1,180,5.5301,495.1108,100.7652,2501.0033,101.8011,0.6432,-0.4389,Good
1,19-02-14 21:09:21,NNTMRT0T18ND,0,NNTMRT0T18ND,C259,2,181,5.6021,486.8945,99.093,2468.738,100.4877,1.0927,0.1458,Good
1,19-02-14 21:09:21,NNTMRT0T18ND,0,NNTMRT0T18ND,C260,1,182,5.4336,470.4618,95.7486,2327.052,94.7206,0.5444,-0.0413,Good
1,19-02-14 21:09:21,NNTMRT0T18ND,0,NNTMRT0T18ND,C260,2,183,5.518,473.2005,96.306,2386.2038,97.1283,0.7229,0.1525,Good
1,19-02-14 21:09:21,NNTMRT0T18ND,0,NNTMRT0T18ND,C261,1,184,5.2095,475.3307,96.7395,2270.0314,92.3996,1.1051,-0.3434,Good
1,19-02-14 21:09:21,NNTMRT0T18ND,0,NNTMRT0T18ND,C261,2,185,5.2634,480.504,97.7924,2308.2347,93.9546,0.8886,-0.3218,Good
1,19-02-14 21:09:21,NNTMRT0T18ND,0,NNTMRT0T18ND,C262,1,186,5.513,492.372,100.2078,2448.4564,99.6622,1.2869,-0.2616,Good
1,19-02-14 21:09:21,NNTMRT0T18ND,0,NNTMRT0T18ND,C262,2,187,5.5727,486.5902,99.0311,2442.9116,99.4365,1.3175,-0.4846,Good
1,19-02-14 21:09:21,NNTMRT0T18ND,0,NNTMRT0T18ND,C263,1,188,5.4705,497.241,101.1987,2449.2346,99.6939,0.5199,-0.0895,Good
1,19-02-14 21:09:21,NNTMRT0T18ND,0,NNTMRT0T18ND,C263,2,189,5.6028,475.0264,96.6776,2413.1041,98.2232,0.4845,-0.0715,Good
1,19-02-14 21:09:21,NNTMRT0T18ND,0,NNTMRT0T18ND,C264,1,190,5.3877,485.9816,98.9072,2372.1461,96.5561,1.4212,-0.5864,Good
1,19-02-14 21:09:21,NNTMRT0T18ND,0,NNTMRT0T18ND,C264,2,191,5.2674,489.9376,99.7123,2341.1504,95.2944,1.0832,-0.7798,Good
1,19-02-14 21:09:21,NNTMRT0T18ND,0,NNTMRT0T18ND,C265,1,192,5.5327,496.6323,101.0749,2493.1386,101.481,1.1124,-0.5379,Good
1,19-02-14 21:09:21,NNTMRT0T18ND,0,NNTMRT0T18ND,C265,2,193,5.4364,514.2823,104.667,2521.9499,102.6537,1.0421,-0.6693,Good
1,19-02-14 21:09:21,NNTMRT0T18ND,0,NNTMRT0T18ND,C266,1,194,5.4538,485.6772,98.8453,2384.1099,97.043,0.7766,-0.3226,Good
1,19-02-14 21:09:21,NNTMRT0T18ND,0,NNTMRT0T18ND,C266,2,195,5.572,473.5049,96.3679,2386.2693,97.1309,0.4136,-0.0056,Good
1,19-02-14 21:09:21,NNTMRT0T18ND,0,NNTMRT0T18ND,C267,1,196,6.1816,2082.6912,109.9565,11463.4186,121.0432,-0.5819,-0.5921,Good
1,19-02-14 21:09:21,NNTMRT0T18ND,0,NNTMRT0T18ND,C267,2,197,6.1267,2024.2637,106.8718,11246.8702,118.7566,1.4802,-1.1423,Good
1,19-02-14 21:09:21,NNTMRT0T18ND,0,NNTMRT0T18ND,C268,1,198,5.302,482.9385,98.2879,2352.3658,95.7509,0.4039,-0.2096,Good
1,19-02-14 21:09:21,NNTMRT0T18ND,0,NNTMRT0T18ND,C268,2,199,5.5746,468.0273,95.2532,2378.249,96.8045,0.5921,-0.2994,Good
1,19-02-14 21:09:21,NNTMRT0T18ND,0,NNTMRT0T18ND,C269,1,200,5.1395,481.4169,97.9782,2262.0101,92.0731,1.0603,-0.3282,Good
1,19-02-14 21:09:21,NNTMRT0T18ND,0,NNTMRT0T18ND,C269,2,201,5.1634,478.0695,97.2969,2252.4874,91.6855,0.9528,-0.2865,Good
1,19-02-14 21:09:21,NNTMRT0T18ND,0,NNTMRT0T18ND,C270,1,202,5.2511,496.0237,100.951,2363.423,96.201,1.0959,-0.467,Good
1,19-02-14 21:09:21,NNTMRT0T18ND,0,NNTMRT0T18ND,C270,2,203,5.5059,502.7185,102.3135,2505.5707,101.987,0.8572,-0.473,Good
1,19-02-14 21:09:21,NNTMRT0T18ND,0,NNTMRT0T18ND,C271,1,204,5.6852,501.197,102.0039,2565.808,104.4389,1.0537,0.0644,Good
1,19-02-14 21:09:21,NNTMRT0T18ND,0,NNTMRT0T18ND,C271,2,205,5.5279,499.9798,101.7561,2481.8982,101.0234,1.5127,0.1005,Good
1,19-02-14 21:09:21,NNTMRT0T18ND,0,NNTMRT0T18ND,C272,1,206,5.4233,471.0704,95.8725,2329.7368,94.8298,0.8116,0.5424,Good
1,19-02-14 21:09:21,NNTMRT0T18ND,0,NNTMRT0T18ND,C272,2,207,5.2458,486.5902,99.0311,2300.3886,93.6352,1.0933,0.1185,Good
1,19-02-14 21:09:21,NNTMRT0T18ND,0,NNTMRT0T18ND,C273,1,208,5.4633,496.0237,100.951,2449.8445,99.7187,1.562,-0.1557,Good
1,19-02-14 21:09:21,NNTMRT0T18ND,0,NNTMRT0T18ND,C273,2,209,5.3954,497.5453,101.2607,2409.9311,98.0941,1.8546,-0.5015,Good
1,19-02-14 21:09:21,NNTMRT0T18ND,0,NNTMRT0T18ND,C274,1,210,5.4133,502.4142,102.2516,2444.4656,99.4998,1.2896,-0.5252,Good
1,19-02-14 21:09:21,NNTMRT0T18ND,0,NNTMRT0T18ND,C274,2,211,5.6819,478.0695,97.2969,2452.4929,99.8265,1.3935,-0.0829,Good
1,19-02-14 21:09:21,NNTMRT0T18ND,0,NNTMRT0T18ND,C275,1,212,5.4219,491.4591,100.022,2422.8564,98.6202,1.1248,-0.7482,Good
1,19-02-14 21:09:21,NNTMRT0T18ND,0,NNTMRT0T18ND,C275,2,213,5.5709,489.9376,99.7123,2476.2827,100.7948,1.4434,-0.0968,Good
1,19-02-14 21:09:21,NNTMRT0T18ND,0,NNTMRT0T18ND,C276,1,214,5.6171,484.7643,98.6595,2481.1796,100.9942,1.5193,-0.5841,Good
1,19-02-14 21:09:21,NNTMRT0T18ND,0,NNTMRT0T18ND,C276,2,215,5.7677,470.1575,95.6867,2371.237,96.5191,0.959,-0.4293,Good
1,19-02-14 21:09:21,NNTMRT0T18ND,0,NNTMRT0T18ND,C277,1,216,5.6102,498.7625,101.5084,2541.6327,103.4549,1.4895,-0.7214,Good
1,19-02-14 21:09:21,NNTMRT0T18ND,0,NNTMRT0T18ND,C277,2,217,5.5183,477.7652,97.235,2362.4204,96.1602,1.4437,-0.4278,Good
1,19-02-14 21:09:21,NNTMRT0T18ND,0,NNTMRT0T18ND,C278,1,218,5.4527,486.5902,99.0311,2416.4241,98.3584,0.986,-0.7089,Good
1,19-02-14 21:09:21,NNTMRT0T18ND,0,NNTMRT0T18ND,C278,2,219,5.3879,500.5884,101.88,2431.101,98.9558,1.3271,-0.2115,Good
1,19-02-14 21:09:21,NNTMRT0T18ND,0,NNTMRT0T18ND,C279,1,220,5.1908,485.0686,98.7214,2282.333,92.9003,1.2905,-0.3884,Good
1,19-02-14 21:09:21,NNTMRT0T18ND,0,NNTMRT0T18ND,C279,2,221,5.3583,489.3289,99.5885,2358.9016,96.017,1.2654,-0.3653,Good
1,19-02-14 21:09:21,NNTMRT0T18ND,0,NNTMRT0T18ND,C280,1,222,5.2564,484.7643,98.6595,2325.2418,94.6469,1.5499,-0.3771,Good
1,19-02-14 21:09:21,NNTMRT0T18ND,0,NNTMRT0T18ND,C280,2,223,5.3575,496.9367,101.1368,2401.2506,97.7407,1.4612,-0.3677,Good
1,19-02-14 21:09:21,NNTMRT0T18ND,0,NNTMRT0T18ND,C281,1,224,5.3948,489.3289,99.5885,2403.9459,97.8504,1.5835,-0.4855,Good
1,19-02-14 21:09:21,NNTMRT0T18ND,0,NNTMRT0T18ND,C281,2,225,5.4588,480.504,97.7924,2380.9311,96.9136,1.4925,-0.1639,Good
1,19-02-14 21:09:21,NNTMRT0T18ND,0,NNTMRT0T18ND,C282,1,226,5.3839,485.3729,98.7833,2394.6905,97.4737,1.391,-0.3318,Good
1,19-02-14 21:09:21,NNTMRT0T18ND,0,NNTMRT0T18ND,C282,2,227,5.3769,490.2419,99.7743,2380.258,96.8863,1.5257,-0.3474,Good
1,19-02-14 21:09:21,NNTMRT0T18ND,0,NNTMRT0T18ND,C283,1,228,5.5092,482.0255,98.1021,2421.7216,98.574,1.3758,-0.2912,Good
1,19-02-14 21:09:21,NNTMRT0T18ND,0,NNTMRT0T18ND,C283,2,229,5.6071,476.548,96.9873,2407.4015,97.9911,1.4098,-0.156,Good
1,19-02-14 21:09:21,NNTMRT0T18ND,0,NNTMRT0T18ND,C284,1,230,5.5947,509.4134,103.6761,2552.1394,103.8825,1.3892,-0.696,Good
1,19-02-14 21:09:21,NNTMRT0T18ND,0,NNTMRT0T18ND,C284,2,231,5.6749,487.5031,99.2169,2505.3729,101.9789,1.3106,-0.3586,Good
1,19-02-14 21:09:21,NNTMRT0T18ND,0,NNTMRT0T18ND,C285,1,232,5.575,505.153,102.809,2520.9598,102.6134,0.9418,-0.5478,Good
1,19-02-14 21:09:21,NNTMRT0T18ND,0,NNTMRT0T18ND,C285,2,233,5.5763,482.3299,98.164,2446.7837,99.5941,1.0384,-0.0412,Good
1,19-02-14 21:09:21,NNTMRT0T18ND,0,NNTMRT0T18ND,C286,1,234,5.4937,507.2832,103.2425,2529.545,102.9628,0.6966,-0.4883,Good
1,19-02-14 21:09:21,NNTMRT0T18ND,0,NNTMRT0T18ND,C286,2,235,5.4076,483.5471,98.4117,2390.8962,97.3193,0.5944,-0.2142,Good
1,19-02-14 21:09:21,NNTMRT0T18ND,0,NNTMRT0T18ND,C287,1,236,5.2796,484.7643,98.6595,2321.2912,94.4861,0.8486,-0.008,Good
1,19-02-14 21:09:21,NNTMRT0T18ND,0,NNTMRT0T18ND,C287,2,237,5.5471,475.635,96.8015,2385.7103,97.1082,0.5491,-0.0279,Good
1,19-02-14 21:09:21,NNTMRT0T18ND,0,NNTMRT0T18ND,C288,1,238,5.3405,478.3738,97.3589,2348.3859,95.5889,0.7352,0.3016,Good
1,19-02-14 21:09:21,NNTMRT0T18ND,0,NNTMRT0T18ND,C288,2,239,5.5944,482.3299,98.164,2475.6061,100.7673,0.8519,0.1075,Good
1,19-02-14 21:09:21,NNTMRT0T18ND,0,NNTMRT0T18ND,C289,1,240,5.2874,488.7203,99.4646,2345.447,95.4693,1.0742,-0.0097,Good
1,19-02-14 21:09:21,NNTMRT0T18ND,0,NNTMRT0T18ND,C289,2,241,5.6948,487.8074,99.2788,2525.3439,102.7918,0.9986,0.0693,Good
1,19-02-14 21:09:21,NNTMRT0T18ND,0,NNTMRT0T18ND,C290,1,242,5.2111,487.1988,99.1549,2283.168,92.9343,1.2012,0.297,Good
1,19-02-14 21:09:21,NNTMRT0T18ND,0,NNTMRT0T18ND,C290,2,243,5.4932,501.8056,102.1277,2477.9463,100.8626,1.1168,0.0245,Good
1,19-02-14 21:09:21,NNTMRT0T18ND,0,NNTMRT0T18ND,C291,1,244,5.1031,483.2428,98.3498,2242.2927,91.2705,0.8657,0.1496,Good
1,19-02-14 21:09:21,NNTMRT0T18ND,0,NNTMRT0T18ND,C291,2,245,5.3735,489.3289,99.5885,2381.9466,96.955,0.7062,-0.0571,Good
1,19-02-14 21:09:21,NNTMRT0T18ND,0,NNTMRT0T18ND,C292,1,246,5.2096,485.3729,98.7833,2306.6404,93.8897,1.0099,0.2292,Good
1,19-02-14 21:09:21,NNTMRT0T18ND,0,NNTMRT0T18ND,C292,2,247,5.513,492.372,100.2078,2466.5324,100.398,0.8126,0.1265,Good
1,19-02-14 21:09:21,NNTMRT0T18ND,0,NNTMRT0T18ND,C293,1,248,5.299,492.372,100.2078,2360.4542,96.0802,0.7,0.1675,Good
1,19-02-14 21:09:21,NNTMRT0T18ND,0,NNTMRT0T18ND,C293,2,249,5.5349,488.1117,99.3407,2456.035,99.9707,0.7746,0.1779,Good
1,19-02-14 21:09:21,NNTMRT0T18ND,0,NNTMRT0T18ND,C294,1,250,5.1548,474.7221,96.6157,2241.3632,91.2327,0.8936,-0.3026,Good
1,19-02-14 21:09:21,NNTMRT0T18ND,0,NNTMRT0T18ND,C294,2,251,5.102,480.8083,97.8543,2254.7546,91.7777,1.1321,-0.078,Good
1,19-02-14 21:09:21,NNTMRT0T18ND,0,NNTMRT0T18ND,C295,1,252,5.6133,490.2419,99.7743,2474.2024,100.7102,1.5807,-0.5967,Good
1,19-02-14 21:09:21,NNTMRT0T18ND,0,NNTMRT0T18ND,C295,2,253,5.481,482.9385,98.2879,2412.6729,98.2057,1.2664,-0.4756,Good
1,19-02-14 21:09:21,NNTMRT0T18ND,0,NNTMRT0T18ND,C296,1,254,5.6815,492.372,100.2078,2525.7658,102.809,0.7198,-0.034,Good
1,19-02-14 21:09:21,NNTMRT0T18ND,0,NNTMRT0T18ND,C296,2,255,5.6049,489.6333,99.6504,2494.2055,101.5244,0.947,-0.1199,Good
1,19-02-14 21:09:21,NNTMRT0T18ND,0,NNTMRT0T18ND,C297,1,256,5.2035,490.2419,99.7743,2318.0206,94.3529,1.0585,-0.2144,Good
1,19-02-14 21:09:21,NNTMRT0T18ND,0,NNTMRT0T18ND,C297,2,257,5.2239,488.1117,99.3407,2305.3144,93.8357,0.8457,-0.0605,Good
1,19-02-14 21:09:21,NNTMRT0T18ND,0,NNTMRT0T18ND,C298,1,258,5.4399,484.1557,98.5356,2395.3221,97.4994,0.6814,0.0044,Good
1,19-02-14 21:09:21,NNTMRT0T18ND,0,NNTMRT0T18ND,C298,2,259,5.2968,457.9851,93.2094,2210.6794,89.9837,0.9361,0.2168,Good
1,19-02-14 21:09:21,NNTMRT0T18ND,0,NNTMRT0T18ND,C299,1,260,5.384,1947.5779,102.8232,9680.7166,102.2195,1.0864,-0.2791,Good
1,19-02-14 21:09:21,NNTMRT0T18ND,0,NNTMRT0T18ND,C299,2,261,5.4461,1924.4504,101.6022,9662.3591,102.0257,0.2917,-0.2845,Good
1,19-02-14 21:09:21,NNTMRT0T18ND,0,NNTMRT0T18ND,C300,1,262,5.2474,498.7625,101.5084,2384.5968,97.0629,0.7636,-0.0234,Good
1,19-02-14 21:09:21,NNTMRT0T18ND,0,NNTMRT0T18ND,C300,2,263,5.39,497.5453,101.2607,2435.1112,99.119,0.6883,-0.5099,Good
1,19-02-14 21:09:21,NNTMRT0T18ND,0,NNTMRT0T18ND,C301,1,264,5.0365,488.7203,99.4646,2223.6109,90.5101,1.1714,-0.081,Good
1,19-02-14 21:09:21,NNTMRT0T18ND,0,NNTMRT0T18ND,C301,2,265,5.416,483.5471,98.4117,2362.3318,96.1566,0.9527,-0.1512,Good
1,19-02-14 21:09:21,NNTMRT0T18ND,0,NNTMRT0T18ND,C302,1,266,5.4807,497.8496,101.3226,2475.1785,100.7499,1.3641,-0.179,Good
1,19-02-14 21:09:21,NNTMRT0T18ND,0,NNTMRT0T18ND,C302,2,267,5.4728,496.3281,101.0129,2477.1145,100.8287,1.3432,-0.0613,Good
1,19-02-14 21:09:21,NNTMRT0T18ND,0,NNTMRT0T18ND,C303,1,268,5.5592,491.1548,99.9601,2455.485,99.9483,0.8045,-0.2332,Good
1,19-02-14 21:09:21,NNTMRT0T18ND,0,NNTMRT0T18ND,C303,2,269,5.5658,498.4582,101.4465,2500.4798,101.7798,1.0163,-0.0426,Good
1,19-02-14 21:09:21,NNTMRT0T18ND,0,NNTMRT0T18ND,C304,1,270,5.2098,489.3289,99.5885,2323.3161,94.5685,0.6151,0.0687,Good
1,19-02-14 21:09:21,NNTMRT0T18ND,0,NNTMRT0T18ND,C304,2,271,5.165,473.5049,96.3679,2221.4412,90.4218,0.7171,0.0872,Good
1,19-02-14 21:09:21,NNTMRT0T18ND,0,NNTMRT0T18ND,C305,1,272,5.036,478.3738,97.3589,2195.3773,89.3608,0.9729,-0.2155,Good
1,19-02-14 21:09:21,NNTMRT0T18ND,0,NNTMRT0T18ND,C305,2,273,5.1199,473.2005,96.306,2224.4881,90.5458,1.0801,-0.3157,Good
1,19-02-14 21:09:21,NNTMRT0T18ND,0,NNTMRT0T18ND,C306,1,274,5.558,496.0237,100.951,2498.3765,101.6942,1.4794,-0.0125,Good
1,19-02-14 21:09:21,NNTMRT0T18ND,0,NNTMRT0T18ND,C306,2,275,5.3259,484.7643,98.6595,2347.8096,95.5655,1.3943,0.0212,Good
1,19-02-14 21:09:21,NNTMRT0T18ND,0,NNTMRT0T18ND,C307,1,276,5.6318,495.1108,100.7652,2514.5061,102.3507,1.2041,-0.0638,Good
1,19-02-14 21:09:21,NNTMRT0T18ND,0,NNTMRT0T18ND,C307,2,277,5.2226,490.5462,99.8362,2332.9554,94.9608,1.1815,0.0658,Good
1,19-02-14 21:09:21,NNTMRT0T18ND,0,NNTMRT0T18ND,C308,1,278,5.3368,1163.9821,102.3099,5647.5977,99.2807,0.7195,-0.012,Good
1,19-02-14 21:09:21,NNTMRT0T18ND,0,NNTMRT0T18ND,C308,2,279,5.6033,1117.7271,98.2442,5722.4265,100.5962,0.5272,0.0401,Good
1,19-02-14 21:09:21,NNTMRT0T18ND,0,NNTMRT0T18ND,C309,1,280,5.2519,478.0695,97.2969,2286.3147,93.0624,0.8982,-0.6374,Good
1,19-02-14 21:09:21,NNTMRT0T18ND,0,NNTMRT0T18ND,C309,2,281,5.3867,481.1126,97.9163,2366.5738,96.3292,0.7899,-0.7737,Good
1,19-02-14 21:09:21,NNTMRT0T18ND,0,NNTMRT0T18ND,C310,1,282,5.2834,496.9367,101.1368,2370.6353,96.4946,0.8307,0.0107,Good
1,19-02-14 21:09:21,NNTMRT0T18ND,0,NNTMRT0T18ND,C310,2,283,5.5215,505.153,102.809,2504.589,101.947,0.8299,-0.3416,Good
1,19-02-14 21:09:21,NNTMRT0T18ND,0,NNTMRT0T18ND,C311,1,284,5.1895,489.0246,99.5265,2311.0509,94.0692,1.0799,0.0865,Good
1,19-02-14 21:09:21,NNTMRT0T18ND,0,NNTMRT0T18ND,C311,2,285,5.2851,475.0264,96.6776,2290.9866,93.2525,0.7801,0.1155,Good
1,19-02-14 21:09:21,NNTMRT0T18ND,0,NNTMRT0T18ND,C312,1,286,5.3585,476.8522,97.0492,2329.4272,94.8172,0.9096,-0.2274,Good
1,19-02-14 21:09:21,NNTMRT0T18ND,0,NNTMRT0T18ND,C312,2,287,5.2409,482.6341,98.2259,2307.2451,93.9143,0.8737,-0.0491,Good
1,19-02-14 21:09:21,NNTMRT0T18ND,0,NNTMRT0T18ND,C313,1,288,5.5281,488.416,99.4027,2461.1356,100.1783,1.4581,-0.8151,Good
1,19-02-14 21:09:21,NNTMRT0T18ND,0,NNTMRT0T18ND,C313,2,289,5.4367,503.3271,102.4374,2474.2303,100.7113,1.0127,-0.6862,Good
1,19-02-14 21:09:21,NNTMRT0T18ND,0,NNTMRT0T18ND,C314,1,290,5.215,502.7185,102.3135,2391.116,97.3282,0.5531,-0.4955,Good
1,19-02-14 21:09:21,NNTMRT0T18ND,0,NNTMRT0T18ND,C314,2,291,5.4458,499.3711,101.6323,2475.2363,100.7523,1.1011,-0.1981,Good
1,19-02-14 21:09:21,NNTMRT0T18ND,0,NNTMRT0T18ND,C315,1,292,5.092,476.548,96.9873,2207.81,89.8669,0.872,-0.1777,Good
1,19-02-14 21:09:21,NNTMRT0T18ND,0,NNTMRT0T18ND,C315,2,293,5.1148,469.8532,95.6247,2204.2279,89.7211,0.8603,-0.12,Good
1,19-02-14 21:09:21,NNTMRT0T18ND,0,NNTMRT0T18ND,C316,1,294,5.3887,490.5462,99.8362,2391.1196,97.3284,0.6159,-0.0105,Good
1,19-02-14 21:09:21,NNTMRT0T18ND,0,NNTMRT0T18ND,C316,2,295,5.4106,478.0695,97.2969,2359.8168,96.0542,0.588,0.1698,Good
1,19-02-14 21:09:21,NNTMRT0T18ND,0,NNTMRT0T18ND,C317,1,296,6.1364,1216.3232,106.9105,6692.7528,117.6538,-0.1192,-0.5795,Good
1,19-02-14 21:09:21,NNTMRT0T18ND,0,NNTMRT0T18ND,C317,2,297,5.2273,1162.1562,102.1494,5471.6293,96.1874,1.9992,-0.7816,Good
1,19-02-14 21:09:21,NNTMRT0T18ND,0,NNTMRT0T18ND,C318,1,298,5.1951,1164.5907,102.3634,5585.6254,98.1913,0.2646,0.001,Good
1,19-02-14 21:09:21,NNTMRT0T18ND,0,NNTMRT0T18ND,C318,2,299,5.5961,1096.7298,96.3987,5658.0358,99.4642,0.2349,0.2113,Good
1,19-02-14 21:09:21,NNTMRT0T18ND,0,NNTMRT0T18ND,C319,1,300,5.5761,486.8945,99.093,2461.1772,100.18,1.0672,-0.1319,Good
1,19-02-14 21:09:21,NNTMRT0T18ND,0,NNTMRT0T18ND,C319,2,301,5.077,484.1557,98.5356,2235.3528,90.988,0.7863,-0.2818,Good
1,19-02-14 21:09:21,NNTMRT0T18ND,0,NNTMRT0T18ND,C320,1,302,5.4436,489.6333,99.6504,2405.4299,97.9109,1.5509,-0.3837,Good
1,19-02-14 21:09:21,NNTMRT0T18ND,0,NNTMRT0T18ND,C320,2,303,5.0921,496.0237,100.951,2289.9568,93.2106,1.2037,-0.6636,Good
1,19-02-14 21:09:21,NNTMRT0T18ND,0,NNTMRT0T18ND,C321,1,304,5.3177,489.9376,99.7123,2369.7794,96.4597,0.8422,-0.2805,Good
1,19-02-14 21:09:21,NNTMRT0T18ND,0,NNTMRT0T18ND,C321,2,305,5.3673,498.1539,101.3845,2432.1084,98.9968,0.807,-0.5402,Good
1,19-02-14 21:09:21,NNTMRT0T18ND,0,NNTMRT0T18ND,C322,1,306,5.6018,486.2858,98.9691,2477.8719,100.8595,1.0957,0.0285,Good
1,19-02-14 21:09:21,NNTMRT0T18ND,0,NNTMRT0T18ND,C322,2,307,5.4478,477.7652,97.235,2350.646,95.6809,1.0314,0.0254,Good
1,19-02-14 21:09:21,NNTMRT0T18ND,0,NNTMRT0T18ND,C323,1,308,5.5586,482.9385,98.2879,2432.2463,99.0024,1.1455,-0.0597,Good
1,19-02-14 21:09:21,NNTMRT0T18ND,0,NNTMRT0T18ND,C323,2,309,5.3516,471.679,95.9963,2308.1701,93.952,1.2036,0.3269,Good
1,19-02-14 21:09:21,NNTMRT0T18ND,0,NNTMRT0T18ND,C324,1,310,5.2946,495.1108,100.7652,2371.1497,96.5155,1.1022,-0.119,Good
1,19-02-14 21:09:21,NNTMRT0T18ND,0,NNTMRT0T18ND,C324,2,311,5.9343,489.0246,99.5265,2600.275,105.8419,1.5305,0.3905,Good
1,19-02-14 21:09:21,NNTMRT0T18ND,0,NNTMRT0T18ND,C325,1,312,5.3824,489.3289,99.5885,2385.1326,97.0847,0.9979,0.0445,Good
1,19-02-14 21:09:21,NNTMRT0T18ND,0,NNTMRT0T18ND,C325,2,313,5.4465,492.0677,100.1459,2433.2705,99.0441,1.057,-0.0997,Good
1,19-02-14 21:09:21,NNTMRT0T18ND,0,NNTMRT0T18ND,C326,1,314,5.4461,489.6333,99.6504,2411.4669,98.1566,1.4968,-0.1235,Good
1,19-02-14 21:09:21,NNTMRT0T18ND,0,NNTMRT0T18ND,C326,2,315,5.4416,489.6333,99.6504,2403.654,97.8386,1.4357,-0.034,Good
1,19-02-14 21:09:21,NNTMRT0T18ND,0,NNTMRT0T18ND,C327,1,316,5.4394,481.4169,97.9782,2385.0949,97.0831,0.9608,0.0175,Good
1,19-02-14 21:09:21,NNTMRT0T18ND,0,NNTMRT0T18ND,C327,2,317,5.485,489.6333,99.6504,2414.439,98.2776,1.1853,0.1779,Good
1,19-02-14 21:09:21,NNTMRT0T18ND,0,NNTMRT0T18ND,C328,1,318,5.0233,472.5919,96.1821,2169.5299,88.3088,0.7682,-0.2537,Good
1,19-02-14 21:09:21,NNTMRT0T18ND,0,NNTMRT0T18ND,C328,2,319,5.0625,470.4618,95.7486,2178.9458,88.692,0.702,-0.1808,Good
1,19-02-14 21:09:21,NNTMRT0T18ND,0,NNTMRT0T18ND,C329,1,320,5.2583,492.372,100.2078,2353.3474,95.7909,1.3453,-0.8633,Good
1,19-02-14 21:09:21,NNTMRT0T18ND,0,NNTMRT0T18ND,C329,2,321,5.2114,495.1108,100.7652,2346.2792,95.5032,1.3765,-0.4882,Good
1,19-02-14 21:09:21,NNTMRT0T18ND,0,NNTMRT0T18ND,C330,1,322,5.1536,489.0246,99.5265,2299.9678,93.6181,1.0429,-0.0901,Good
1,19-02-14 21:09:21,NNTMRT0T18ND,0,NNTMRT0T18ND,C330,2,323,5.1229,480.1997,97.7305,2235.7194,91.0029,0.9934,-0.058,Good
1,19-02-14 21:09:21,NNTMRT0T18ND,0,NNTMRT0T18ND,C331,1,324,5.3414,494.5022,100.6413,2380.8518,96.9104,0.9647,-0.0223,Good
1,19-02-14 21:09:21,NNTMRT0T18ND,0,NNTMRT0T18ND,C331,2,325,5.398,497.241,101.1987,2410.6722,98.1242,0.9427,0.1676,Good
1,19-02-14 21:09:21,NNTMRT0T18ND,0,NNTMRT0T18ND,C332,1,326,5.4851,482.9385,98.2879,2417.9488,98.4204,1.3052,-0.5397,Good
1,19-02-14 21:09:21,NNTMRT0T18ND,0,NNTMRT0T18ND,C332,2,327,5.4905,482.9385,98.2879,2423.1631,98.6327,1.2314,-0.5001,Good
1,19-02-14 21:09:21,NNTMRT0T18ND,0,NNTMRT0T18ND,C333,1,328,5.2313,484.7643,98.6595,2314.3535,94.2037,0.9215,-0.3726,Good
1,19-02-14 21:09:21,NNTMRT0T18ND,0,NNTMRT0T18ND,C333,2,329,5.4423,487.8074,99.2788,2446.9456,99.6007,1.1365,-0.3082,Good
1,19-02-14 21:09:21,NNTMRT0T18ND,0,NNTMRT0T18ND,C334,1,330,6.0721,504.8487,102.7471,2758.2122,112.2705,0.9373,-0.0976,Good
1,19-02-14 21:09:21,NNTMRT0T18ND,0,NNTMRT0T18ND,C334,2,331,5.8994,503.6315,102.4993,2666.9644,108.5564,1.1051,0.0407,Good
1,19-02-14 21:09:21,NNTMRT0T18ND,0,NNTMRT0T18ND,C335,1,332,5.5543,489.6333,99.6504,2457.5995,100.0344,0.6629,-0.0725,Good
1,19-02-14 21:09:21,NNTMRT0T18ND,0,NNTMRT0T18ND,C335,2,333,5.6724,501.197,102.0039,2536.2388,103.2353,0.8804,-0.1414,Good
1,19-02-14 21:09:21,NNTMRT0T18ND,0,NNTMRT0T18ND,C336,1,334,5.6733,510.3263,103.8619,2610.8502,106.2723,1.31,-0.1842,Good
1,19-02-14 21:09:21,NNTMRT0T18ND,0,NNTMRT0T18ND,C336,2,335,5.7848,520.0641,105.8437,2677.4494,108.9832,0.8514,-0.2873,Good
1,19-02-14 21:09:21,NNTMRT0T18ND,0,NNTMRT0T18ND,C337,1,336,5.4629,508.1961,103.4283,2511.0466,102.2099,0.527,0.118,Good
1,19-02-14 21:09:21,NNTMRT0T18ND,0,NNTMRT0T18ND,C337,2,337,5.6102,487.8074,99.2788,2444.4536,99.4993,1.2088,0.2763,Good
1,19-02-14 21:09:21,NNTMRT0T18ND,0,NNTMRT0T18ND,C338,1,338,5.4045,473.8092,96.4299,2336.4212,95.1019,0.6769,-0.0583,Good
1,19-02-14 21:09:21,NNTMRT0T18ND,0,NNTMRT0T18ND,C338,2,339,5.4683,481.4169,97.9782,2391.1428,97.3293,0.5261,-0.3329,Good
1,19-02-14 21:09:21,NNTMRT0T18ND,0,NNTMRT0T18ND,C339,1,340,6.4259,1233.6689,108.4351,7092.8721,124.6876,0.1872,-0.2255,Good
1,19-02-14 21:09:21,NNTMRT0T18ND,0,NNTMRT0T18ND,C339,2,341,5.2553,1170.9812,102.9251,5601.0866,98.4631,2.1209,-0.5589,Good
1,19-02-14 21:09:21,NNTMRT0T18ND,0,NNTMRT0T18ND,C340,1,342,5.0941,471.3747,95.9344,2190.1193,89.1468,0.793,-0.1798,Good
1,19-02-14 21:09:21,NNTMRT0T18ND,0,NNTMRT0T18ND,C340,2,343,5.145,465.5929,94.7577,2190.0331,89.1433,0.7266,-0.2578,Good
1,19-02-14 21:09:21,NNTMRT0T18ND,0,NNTMRT0T18ND,C341,1,344,5.2869,493.285,100.3936,2371.9115,96.5465,1.1784,-0.1341,Good
1,19-02-14 21:09:21,NNTMRT0T18ND,0,NNTMRT0T18ND,C341,2,345,5.4274,510.6306,103.9238,2481.9393,101.0251,1.0492,-0.3021,Good
1,19-02-14 21:09:21,NNTMRT0T18ND,0,NNTMRT0T18ND,C342,1,346,5.6508,494.5022,100.6413,2504.9328,101.961,1.0941,-0.0991,Good
1,19-02-14 21:09:21,NNTMRT0T18ND,0,NNTMRT0T18ND,C342,2,347,5.6137,496.0237,100.951,2514.979,102.3699,0.9558,-0.0397,Good
1,19-02-14 21:09:21,NNTMRT0T18ND,0,NNTMRT0T18ND,C343,1,348,5.2675,503.9358,102.5613,2420.3328,98.5175,1.3605,-0.5457,Good
1,19-02-14 21:09:21,NNTMRT0T18ND,0,NNTMRT0T18ND,C343,2,349,5.4096,501.5013,102.0658,2450.6713,99.7524,1.3923,-0.5862,Good
1,19-02-14 21:09:21,NNTMRT0T18ND,0,NNTMRT0T18ND,C344,1,350,5.3308,498.4582,101.4465,2436.5431,99.1773,1.5454,-0.5196,Good
1,19-02-14 21:09:21,NNTMRT0T18ND,0,NNTMRT0T18ND,C344,2,351,5.3569,490.5462,99.8362,2410.7024,98.1255,1.5399,-0.6266,Good
1,19-02-14 21:09:21,NNTMRT0T18ND,0,NNTMRT0T18ND,C345,1,352,5.2186,488.7203,99.4646,2338.6557,95.1929,0.8723,-0.3333,Good
1,19-02-14 21:09:21,NNTMRT0T18ND,0,NNTMRT0T18ND,C345,2,353,5.4448,502.4142,102.2516,2466.1937,100.3842,0.9878,-0.5687,Good
1,19-02-14 21:09:21,NNTMRT0T18ND,0,NNTMRT0T18ND,C346,1,354,5.3767,492.6764,100.2697,2399.8882,97.6853,1.0351,-0.0623,Good
1,19-02-14 21:09:21,NNTMRT0T18ND,0,NNTMRT0T18ND,C346,2,355,5.4914,497.8496,101.3226,2476.6639,100.8104,0.7664,-0.0203,Good
1,19-02-14 21:09:21,NNTMRT0T18ND,0,NNTMRT0T18ND,C347,1,356,5.3905,490.5462,99.8362,2379.2723,96.8461,1.0687,-0.2326,Good
1,19-02-14 21:09:21,NNTMRT0T18ND,0,NNTMRT0T18ND,C347,2,357,5.5963,491.7634,100.0839,2489.0534,101.3147,1.5228,0.0786,Good
1,19-02-14 21:09:21,NNTMRT0T18ND,0,NNTMRT0T18ND,C348,1,358,5.1953,477.4609,97.1731,2216.9849,90.2404,1.2887,-1.1419,Good
1,19-02-14 21:09:21,NNTMRT0T18ND,0,NNTMRT0T18ND,C348,2,359,5.3791,461.3325,93.8906,2253.5302,91.7279,1.3759,-0.5918,Good
1,19-02-14 21:09:21,NNTMRT0T18ND,0,NNTMRT0T18ND,C349,1,360,5.0697,470.1575,95.6867,2168.4065,88.263,0.9088,-0.7513,Good
1,19-02-14 21:09:21,NNTMRT0T18ND,0,NNTMRT0T18ND,C349,2,361,5.3277,469.2446,95.5009,2278.3249,92.7372,1.0413,-0.7099,Good
1,19-02-14 21:09:21,NNTMRT0T18ND,0,NNTMRT0T18ND,C351,1,362,5.1653,478.6781,97.4208,2235.2977,90.9858,0.9178,0.0488,Good
1,19-02-14 21:09:21,NNTMRT0T18ND,0,NNTMRT0T18ND,C351,2,363,5.5752,482.0255,98.1021,2430.6507,98.9374,1.022,-0.0358,Good
1,19-02-14 21:09:21,NNTMRT0T18ND,0,NNTMRT0T18ND,C352,1,364,5.226,483.8514,98.4737,2315.1119,94.2345,1.5962,-0.3157,Good
1,19-02-14 21:09:21,NNTMRT0T18ND,0,NNTMRT0T18ND,C352,2,365,5.5137,486.5902,99.0311,2459.9412,100.1297,1.5311,-0.1776,Good
1,19-02-14 21:09:21,NNTMRT0T18ND,0,NNTMRT0T18ND,C353,1,366,5.4791,481.7212,98.0401,2415.3393,98.3142,1.1314,-0.064,Good
1,19-02-14 21:09:21,NNTMRT0T18ND,0,NNTMRT0T18ND,C353,2,367,5.4748,485.0686,98.7214,2417.9224,98.4193,1.4463,-0.1357,Good
1,19-02-14 21:09:21,NNTMRT0T18ND,0,NNTMRT0T18ND,C354,1,368,5.3436,490.2419,99.7743,2370.5223,96.49,1.1414,0.0311,Good
1,19-02-14 21:09:21,NNTMRT0T18ND,0,NNTMRT0T18ND,C354,2,369,5.4245,496.6323,101.0749,2437.5891,99.2199,1.0665,0.2199,Good
1,19-02-14 21:09:21,NNTMRT0T18ND,0,NNTMRT0T18ND,C355,1,370,5.4746,471.9833,96.0583,2366.1823,96.3133,1.2048,0.3751,Good
1,19-02-14 21:09:21,NNTMRT0T18ND,0,NNTMRT0T18ND,C355,2,371,5.491,480.1997,97.7305,2398.9144,97.6456,1.513,0.128,Good
1,19-02-14 21:09:21,NNTMRT0T18ND,0,NNTMRT0T18ND,C356,1,372,5.0702,482.9385,98.2879,2226.5723,90.6306,0.67,-0.3081,Good
1,19-02-14 21:09:21,NNTMRT0T18ND,0,NNTMRT0T18ND,C356,2,373,5.0044,480.8083,97.8543,2204.1325,89.7172,0.7135,-0.0893,Good
1,19-02-14 21:09:21,NNTMRT0T18ND,0,NNTMRT0T18ND,C357,1,374,5.3391,478.9824,97.4827,2331.2285,94.8906,0.6494,-0.2764,Good
1,19-02-14 21:09:21,NNTMRT0T18ND,0,NNTMRT0T18ND,C357,2,375,5.2394,500.5884,101.88,2382.8718,96.9926,0.9722,-0.3438,Good
1,19-02-14 21:09:21,NNTMRT0T18ND,0,NNTMRT0T18ND,C358,1,376,5.3802,469.2446,95.5009,2293.868,93.3698,0.3654,0.1118,Good
1,19-02-14 21:09:21,NNTMRT0T18ND,0,NNTMRT0T18ND,C358,2,377,5.3464,479.5911,97.6066,2319.2573,94.4033,0.6721,0.1954,Good
1,19-02-14 21:09:21,NNTMRT0T18ND,0,NNTMRT0T18ND,C359,1,378,5.1487,469.5488,95.5628,2215.7263,90.1891,0.2975,0.2048,Good
1,19-02-14 21:09:21,NNTMRT0T18ND,0,NNTMRT0T18ND,C359,2,379,5.1972,468.0273,95.2532,2217.4929,90.2611,0.5418,0.2691,Good
1,19-02-14 21:09:21,NNTMRT0T18ND,0,NNTMRT0T18ND,C360,1,380,5.3992,487.1988,99.1549,2409.297,98.0683,1.3666,-0.415,Good
1,19-02-14 21:09:21,NNTMRT0T18ND,0,NNTMRT0T18ND,C360,2,381,5.3255,495.1108,100.7652,2416.7324,98.3709,1.2612,-0.5861,Good
1,19-02-14 21:09:21,NNTMRT0T18ND,0,NNTMRT0T18ND,C361,1,382,5.2392,480.8083,97.8543,2315.5029,94.2505,1.118,-0.519,Good
1,19-02-14 21:09:21,NNTMRT0T18ND,0,NNTMRT0T18ND,C361,2,383,5.129,486.8945,99.093,2269.4954,92.3778,1.3453,-0.3655,Good
1,19-02-14 21:09:21,NNTMRT0T18ND,0,NNTMRT0T18ND,C362,1,384,5.1154,493.5893,100.4555,2311.4621,94.086,1.6338,-0.2704,Good
1,19-02-14 21:09:21,NNTMRT0T18ND,0,NNTMRT0T18ND,C362,2,385,5.1821,485.0686,98.7214,2300.9083,93.6564,1.2921,-0.3601,Good
1,19-02-14 21:09:21,NNTMRT0T18ND,0,NNTMRT0T18ND,C363,1,386,5.7928,509.109,103.6141,2633.7452,107.2042,1.5134,0.2635,Good
1,19-02-14 21:09:21,NNTMRT0T18ND,0,NNTMRT0T18ND,C363,2,387,5.6925,490.5462,99.8362,2519.983,102.5736,0.9901,0.1026,Good
1,19-02-14 21:09:21,NNTMRT0T18ND,0,NNTMRT0T18ND,C364,1,388,5.3715,482.9385,98.2879,2342.6313,95.3547,1.1096,0.3095,Good
1,19-02-14 21:09:21,NNTMRT0T18ND,0,NNTMRT0T18ND,C364,2,389,5.511,482.0255,98.1021,2395.2055,97.4947,1.1771,0.4781,Good
1,19-02-14 21:09:21,NNTMRT0T18ND,0,NNTMRT0T18ND,C365,1,390,5.7892,477.4609,97.1731,2501.8783,101.8367,0.7121,-0.4545,Good
1,19-02-14 21:09:21,NNTMRT0T18ND,0,NNTMRT0T18ND,C365,2,391,5.6774,466.5058,94.9435,2399.2729,97.6602,0.5916,-0.5704,Good
1,19-02-14 21:09:21,NNTMRT0T18ND,0,NNTMRT0T18ND,C366,1,392,6.0759,1212.0629,106.536,6678.1768,117.3976,0.2145,-0.7587,Good
1,19-02-14 21:09:21,NNTMRT0T18ND,0,NNTMRT0T18ND,C366,2,393,5.0058,1183.7622,104.0485,5419.8596,95.2773,2.139,-0.6964,Good
1,19-02-14 21:09:21,NNTMRT0T18ND,0,NNTMRT0T18ND,C367,1,394,5.3664,1138.7245,100.0898,5581.4884,98.1186,0.6819,-1.1533,Good
1,19-02-14 21:09:21,NNTMRT0T18ND,0,NNTMRT0T18ND,C367,2,395,5.4248,1144.8106,100.6248,5706.2478,100.3118,0.695,-0.9021,Good
1,19-02-14 21:09:21,NNTMRT0T18ND,0,NNTMRT0T18ND,C368,1,396,5.4189,471.0704,95.8725,2325.8403,94.6712,1.1456,0.325,Good
1,19-02-14 21:09:21,NNTMRT0T18ND,0,NNTMRT0T18ND,C368,2,397,5.6867,471.679,95.9963,2442.1255,99.4045,1.0726,0.2936,Good
1,19-02-14 21:09:21,NNTMRT0T18ND,0,NNTMRT0T18ND,C369,1,398,5.049,481.7212,98.0401,2238.8412,91.13,1.3024,-0.5013,Good
1,19-02-14 21:09:21,NNTMRT0T18ND,0,NNTMRT0T18ND,C369,2,399,5.3307,485.9816,98.9072,2339.3222,95.22,1.7542,-0.4916,Good
1,19-02-14 21:09:21,NNTMRT0T18ND,0,NNTMRT0T18ND,C370,1,400,5.2593,482.6341,98.2259,2325.2491,94.6472,1.2669,-0.3603,Good
1,19-02-14 21:09:21,NNTMRT0T18ND,0,NNTMRT0T18ND,C370,2,401,5.4493,479.2867,97.5447,2371.1881,96.5171,1.2454,-0.179,Good
1,19-02-14 21:09:21,NNTMRT0T18ND,0,NNTMRT0T18ND,C371,1,402,5.9223,503.0229,102.3755,2646.5696,107.7262,1.3661,0.2589,Good
1,19-02-14 21:09:21,NNTMRT0T18ND,0,NNTMRT0T18ND,C371,2,403,5.7442,506.0659,102.9948,2591.1822,105.4717,1.4995,0.1113,Good
1,19-02-14 21:09:21,NNTMRT0T18ND,0,NNTMRT0T18ND,C372,1,404,5.1584,476.548,96.9873,2222.9571,90.4835,1.0029,0.3149,Good
1,19-02-14 21:09:21,NNTMRT0T18ND,0,NNTMRT0T18ND,C372,2,405,5.3946,495.4151,100.8271,2408.0517,98.0176,0.8516,-0.3072,Good
1,19-02-14 21:09:21,NNTMRT0T18ND,0,NNTMRT0T18ND,C373,1,406,5.7273,493.8936,100.5175,2553.4982,103.9378,0.8334,0.0746,Good
1,19-02-14 21:09:21,NNTMRT0T18ND,0,NNTMRT0T18ND,C373,2,407,5.6255,488.1117,99.3407,2497.5538,101.6607,0.7872,0.2254,Good
1,19-02-14 21:09:21,NNTMRT0T18ND,0,NNTMRT0T18ND,C374,1,408,5.4779,467.4187,95.1293,2332.4511,94.9403,1.0913,-0.2683,Good
1,19-02-14 21:09:21,NNTMRT0T18ND,0,NNTMRT0T18ND,C374,2,409,5.3153,486.8945,99.093,2354.8444,95.8518,1.3524,-0.2411,Good
1,19-02-14 21:09:21,NNTMRT0T18ND,0,NNTMRT0T18ND,C375,1,410,5.3689,461.9411,94.0145,2246.88,91.4572,0.9447,-0.6999,Good
1,19-02-14 21:09:21,NNTMRT0T18ND,0,NNTMRT0T18ND,C375,2,411,5.0683,469.2446,95.5009,2185.2233,88.9475,1.0357,-0.6958,Good
1,19-02-14 21:09:21,NNTMRT0T18ND,0,NNTMRT0T18ND,C376,1,412,5.149,475.635,96.8015,2221.8788,90.4396,1.0838,0.2489,Good
1,19-02-14 21:09:21,NNTMRT0T18ND,0,NNTMRT0T18ND,C376,2,413,5.3983,488.416,99.4027,2377.3056,96.7661,1.2399,0.2638,Good
1,19-02-14 21:09:21,NNTMRT0T18ND,0,NNTMRT0T18ND,C377,1,414,5.507,477.1566,97.1111,2409.255,98.0665,0.943,0.331,Good
1,19-02-14 21:09:21,NNTMRT0T18ND,0,NNTMRT0T18ND,C377,2,415,5.2266,482.9385,98.2879,2283.1776,92.9347,1.1147,0.1922,Good
1,19-02-14 21:09:21,NNTMRT0T18ND,0,NNTMRT0T18ND,C378,1,416,5.2498,472.5919,96.1821,2253.238,91.716,1.2529,0.188,Good
1,19-02-14 21:09:21,NNTMRT0T18ND,0,NNTMRT0T18ND,C378,2,417,5.3501,481.1126,97.9163,2339.362,95.2216,1.4272,0.1446,Good
1,19-02-14 21:09:21,NNTMRT0T18ND,0,NNTMRT0T18ND,C379,1,418,5.5315,475.0264,96.6776,2389.1782,97.2493,1.174,0.2286,Good
1,19-02-14 21:09:21,NNTMRT0T18ND,0,NNTMRT0T18ND,C379,2,419,5.6649,492.9806,100.3317,2512.8214,102.2821,1.2937,0.0816,Good
1,19-02-14 21:09:21,NNTMRT0T18ND,0,NNTMRT0T18ND,C380,1,420,5.5239,484.1557,98.5356,2402.7397,97.8013,1.3401,0.1408,Good
1,19-02-14 21:09:21,NNTMRT0T18ND,0,NNTMRT0T18ND,C380,2,421,5.619,491.7634,100.0839,2488.105,101.2761,1.2191,0.0964,Good
1,19-02-14 21:09:21,NNTMRT0T18ND,0,NNTMRT0T18ND,C381,1,422,5.4488,469.8532,95.6247,2337.908,95.1624,1.0668,0.4718,Good
1,19-02-14 21:09:21,NNTMRT0T18ND,0,NNTMRT0T18ND,C381,2,423,5.7145,482.0255,98.1021,2503.6633,101.9094,1.1759,0.12,Good
1,19-02-14 21:09:21,NNTMRT0T18ND,0,NNTMRT0T18ND,C382,1,424,5.1921,471.9833,96.0583,2234.7492,90.9634,0.5616,-0.3063,Good
1,19-02-14 21:09:21,NNTMRT0T18ND,0,NNTMRT0T18ND,C382,2,425,5.1434,471.0704,95.8725,2208.5895,89.8986,0.5535,-0.2619,Good
1,19-02-14 21:09:21,NNTMRT0T18ND,0,NNTMRT0T18ND,C383,1,426,5.599,475.3307,96.7395,2428.1391,98.8352,0.9869,-0.344,Good
1,19-02-14 21:09:21,NNTMRT0T18ND,0,NNTMRT0T18ND,C383,2,427,5.5239,464.9842,94.6338,2331.357,94.8958,0.7068,-0.5168,Good
1,19-02-14 21:09:21,NNTMRT0T18ND,0,NNTMRT0T18ND,C384,1,428,5.0678,486.2858,98.9691,2264.5055,92.1747,1.417,-0.4452,Good
1,19-02-14 21:09:21,NNTMRT0T18ND,0,NNTMRT0T18ND,C384,2,429,5.1791,490.5462,99.8362,2327.4733,94.7377,1.3166,-0.4137,Good
1,19-02-14 21:09:21,NNTMRT0T18ND,0,NNTMRT0T18ND,C385,1,430,4.9882,498.1539,101.3845,2253.5749,91.7297,1.366,-0.4485,Good
1,19-02-14 21:09:21,NNTMRT0T18ND,0,NNTMRT0T18ND,C385,2,431,5.1634,491.4591,100.022,2313.1814,94.156,1.3422,-0.4154,Good
1,19-02-14 21:09:21,NNTMRT0T18ND,0,NNTMRT0T18ND,C386,1,432,5.4608,491.1548,99.9601,2437.4411,99.2138,0.829,0.1985,Good
1,19-02-14 21:09:21,NNTMRT0T18ND,0,NNTMRT0T18ND,C386,2,433,5.4185,483.8514,98.4737,2380.4221,96.8929,0.896,0.2059,Good
1,19-02-14 21:09:21,NNTMRT0T18ND,0,NNTMRT0T18ND,C389,1,434,4.9487,469.5488,95.5628,2126.7387,86.567,1.1102,-1.1202,Good
